日目,日付,No,id,名前,種類,レアリティ,動画,投稿文
1,2026-09-26,1,jesus-christ,イエス・キリスト,人物,ハイパーレア SSSSSSSSSSSSSSS,videos/001_jesus-christ.mp4,"【No.001 イエス・キリスト】人物カード・ハイパーレア SSSSSSSSSSSSSSS
道であり、真理であり、命である方。

📖 イエスは、また人々に語ってこう言われた、「わたしは世の光である。わたしに従って来る者は、やみのうちを歩くことがなく、命の光をもつであろう」。
（ヨハネによる福音書 8:12・口語訳）

聖書の人物とアイテムが、みことばと一緒にカードになりました。全100枚を毎日1枚ずつ紹介中（1日目）。
欲しい！と思ったら、コメントで「欲しい」と教えてください🙏
売上の10%は教会に献金します。

#みことばカード #聖書 #クリスチャン #トレカ #聖書の人物 #イエスキリスト #光タイプ"
2,2026-09-27,12,moses,モーセ,人物,スーパースペシャル ☆☆,videos/012_moses.mp4,"【No.012 モーセ】人物カード・スーパースペシャル ☆☆
神の民をエジプトから導き出した預言者。

📖 モーセが手を海の上にさし伸べたので、主は夜もすがら強い東風をもって海を退かせ、海を陸地とされ、水は分かれた。
（出エジプト記 14:21・口語訳）

聖書の人物とアイテムが、みことばと一緒にカードになりました。全100枚を毎日1枚ずつ紹介中（2日目）。
欲しい！と思ったら、コメントで「欲しい」と教えてください🙏
売上の10%は教会に献金します。

#みことばカード #聖書 #クリスチャン #トレカ #聖書の人物 #モーセ #預言タイプ"
3,2026-09-28,66,paul,パウロ,人物,スーパースペシャル ☆☆,videos/066_paul.mp4,"【No.066 パウロ】人物カード・スーパースペシャル ☆☆
迫害者から使徒になり、地の果てまで福音を伝えた。

📖 目標を目ざして走り、キリスト・イエスにおいて上に召して下さる神の賞与を得ようと努めているのである。
（ピリピ人への手紙 3:14・口語訳）

聖書の人物とアイテムが、みことばと一緒にカードになりました。全100枚を毎日1枚ずつ紹介中（3日目）。
欲しい！と思ったら、コメントで「欲しい」と教えてください🙏
売上の10%は教会に献金します。

#みことばカード #聖書 #クリスチャン #トレカ #聖書の人物 #パウロ #知恵タイプ"
4,2026-09-29,6,abraham,アブラハム,人物,スペシャル ☆,videos/006_abraham.mp4,"【No.006 アブラハム】人物カード・スペシャル ☆
信仰の父。数えきれない星のような子孫を約束された。

📖 アブラムは主を信じた。主はこれを彼の義と認められた。
（創世記 15:6・口語訳）

聖書の人物とアイテムが、みことばと一緒にカードになりました。全100枚を毎日1枚ずつ紹介中（4日目）。
欲しい！と思ったら、コメントで「欲しい」と教えてください🙏
売上の10%は教会に献金します。

#みことばカード #聖書 #クリスチャン #トレカ #聖書の人物 #アブラハム #信仰タイプ"
5,2026-09-30,27,david,ダビデ,人物,スペシャル ☆,videos/027_david.mp4,"【No.027 ダビデ】人物カード・スペシャル ☆
石投げひとつで巨人に立ち向かった、羊飼いの王。

📖 ダビデはペリシテびとに言った、「おまえはつるぎと、やりと、投げやりを持って、わたしに向かってくるが、わたしは万軍の主の名、すなわち、おまえがいどんだ、イスラエルの軍の神の名によって、おまえに立ち向かう」。
（サムエル記上 17:45・口語訳）

聖書の人物とアイテムが、みことばと一緒にカードになりました。全100枚を毎日1枚ずつ紹介中（5日目）。
欲しい！と思ったら、コメントで「欲しい」と教えてください🙏
売上の10%は教会に献金します。

#みことばカード #聖書 #クリスチャン #トレカ #聖書の人物 #ダビデ #力タイプ"
6,2026-10-01,45,mary,マリヤ,人物,スペシャル ☆,videos/045_mary.mp4,"【No.045 マリヤ】人物カード・スペシャル ☆
救い主の母となった、主のはしため。

📖 そこでマリヤが言った、「わたしは主のはしためです。お言葉どおりこの身に成りますように」。そして御使は彼女から離れて行った。
（ルカによる福音書 1:38・口語訳）

聖書の人物とアイテムが、みことばと一緒にカードになりました。全100枚を毎日1枚ずつ紹介中（6日目）。
欲しい！と思ったら、コメントで「欲しい」と教えてください🙏
売上の10%は教会に献金します。

#みことばカード #聖書 #クリスチャン #トレカ #聖書の人物 #マリヤ #愛タイプ"
7,2026-10-02,48,peter,ペテロ,人物,スペシャル ☆,videos/048_peter.mp4,"【No.048 ペテロ】人物カード・スペシャル ☆
「あなたこそ、生ける神の子キリストです」と告白した。

📖 シモン・ペテロが答えて言った、「あなたこそ、生ける神の子キリストです」。
（マタイによる福音書 16:16・口語訳）

聖書の人物とアイテムが、みことばと一緒にカードになりました。全100枚を毎日1枚ずつ紹介中（7日目）。
欲しい！と思ったら、コメントで「欲しい」と教えてください🙏
売上の10%は教会に献金します。

#みことばカード #聖書 #クリスチャン #トレカ #聖書の人物 #ペテロ #信仰タイプ"
8,2026-10-03,95,the-cross,十字架,アイテム,クラウン 👑,videos/095_the-cross.mp4,"【No.095 十字架】アイテムカード・クラウン 👑
滅び行く者には愚か、救われる者には神の力。

📖 十字架の言は、滅び行く者には愚かであるが、救にあずかるわたしたちには、神の力である。
（コリント人への第一の手紙 1:18・口語訳）

聖書の人物とアイテムが、みことばと一緒にカードになりました。全100枚を毎日1枚ずつ紹介中（8日目）。
欲しい！と思ったら、コメントで「欲しい」と教えてください🙏
売上の10%は教会に献金します。

#みことばカード #聖書 #クリスチャン #トレカ #聖書のアイテム #十字架"
9,2026-10-04,5,noah,ノア,人物,ダブルレア ◆◆◆◆,videos/005_noah.mp4,"【No.005 ノア】人物カード・ダブルレア ◆◆◆◆
神の言葉どおりに箱舟を造った正しい人。

📖 ノアはすべて神の命じられたようにした。
（創世記 6:22・口語訳）

聖書の人物とアイテムが、みことばと一緒にカードになりました。全100枚を毎日1枚ずつ紹介中（9日目）。
欲しい！と思ったら、コメントで「欲しい」と教えてください🙏
売上の10%は教会に献金します。

#みことばカード #聖書 #クリスチャン #トレカ #聖書の人物 #ノア #信仰タイプ"
10,2026-10-05,11,joseph,ヨセフ,人物,ダブルレア ◆◆◆◆,videos/011_joseph.mp4,"【No.011 ヨセフ】人物カード・ダブルレア ◆◆◆◆
兄たちに売られても、神は悪を善に変えられた。

📖 あなたがたはわたしに対して悪をたくらんだが、神はそれを良きに変らせて、今日のように多くの民の命を救おうと計らわれました。
（創世記 50:20・口語訳）

聖書の人物とアイテムが、みことばと一緒にカードになりました。全100枚を毎日1枚ずつ紹介中（10日目）。
欲しい！と思ったら、コメントで「欲しい」と教えてください🙏
売上の10%は教会に献金します。

#みことばカード #聖書 #クリスチャン #トレカ #聖書の人物 #ヨセフ #知恵タイプ"
11,2026-10-06,19,samson,サムソン,人物,ダブルレア ◆◆◆◆,videos/019_samson.mp4,"【No.019 サムソン】人物カード・ダブルレア ◆◆◆◆
神から怪力を与えられたナジル人。

📖 サムソンは主に呼ばわって言った、「ああ、主なる神よ、どうぞ、わたしを覚えてください。ああ、神よ、どうぞもう一度、わたしを強くして、わたしの二つの目の一つのためにでもペリシテびとにあだを報いさせてください」。
（士師記 16:28・口語訳）

聖書の人物とアイテムが、みことばと一緒にカードになりました。全100枚を毎日1枚ずつ紹介中（11日目）。
欲しい！と思ったら、コメントで「欲しい」と教えてください🙏
売上の10%は教会に献金します。

#みことばカード #聖書 #クリスチャン #トレカ #聖書の人物 #サムソン #力タイプ"
12,2026-10-07,30,solomon,ソロモン,人物,ダブルレア ◆◆◆◆,videos/030_solomon.mp4,"【No.030 ソロモン】人物カード・ダブルレア ◆◆◆◆
知恵を求め、神から知恵と富を与えられた王。

📖 それゆえ、聞きわける心をしもべに与えて、あなたの民をさばかせ、わたしに善悪をわきまえることを得させてください。だれが、あなたのこの大いなる民をさばくことができましょう。
（列王紀上 3:9・口語訳）

聖書の人物とアイテムが、みことばと一緒にカードになりました。全100枚を毎日1枚ずつ紹介中（12日目）。
欲しい！と思ったら、コメントで「欲しい」と教えてください🙏
売上の10%は教会に献金します。

#みことばカード #聖書 #クリスチャン #トレカ #聖書の人物 #ソロモン #知恵タイプ"
13,2026-10-08,32,elijah,エリヤ,人物,ダブルレア ◆◆◆◆,videos/032_elijah.mp4,"【No.032 エリヤ】人物カード・ダブルレア ◆◆◆◆
天から火を呼び下し、火の車で天に上った預言者。

📖 そのとき主の火が下って燔祭と、たきぎと、石と、ちりとを焼きつくし、またみぞの水をなめつくした。
（列王紀上 18:38・口語訳）

聖書の人物とアイテムが、みことばと一緒にカードになりました。全100枚を毎日1枚ずつ紹介中（13日目）。
欲しい！と思ったら、コメントで「欲しい」と教えてください🙏
売上の10%は教会に献金します。

#みことばカード #聖書 #クリスチャン #トレカ #聖書の人物 #エリヤ #預言タイプ"
14,2026-10-09,38,daniel,ダニエル,人物,ダブルレア ◆◆◆◆,videos/038_daniel.mp4,"【No.038 ダニエル】人物カード・ダブルレア ◆◆◆◆
獅子の穴に投げこまれても、神に守られた。

📖 わたしの神はその使をおくって、ししの口を閉ざされたので、ししはわたしを害しませんでした。これはわたしに罪のないことが、神の前に認められたからです。王よ、わたしはあなたの前にも、何も悪い事をしなかったのです。
（ダニエル書 6:22・口語訳）

聖書の人物とアイテムが、みことばと一緒にカードになりました。全100枚を毎日1枚ずつ紹介中（14日目）。
欲しい！と思ったら、コメントで「欲しい」と教えてください🙏
売上の10%は教会に献金します。

#みことばカード #聖書 #クリスチャン #トレカ #聖書の人物 #ダニエル #知恵タイプ"
15,2026-10-10,40,esther,エステル,人物,ダブルレア ◆◆◆◆,videos/040_esther.mp4,"【No.040 エステル】人物カード・ダブルレア ◆◆◆◆
命をかけて王に願い、民を救った王妃。

📖 あなたがもし、このような時に黙っているならば、ほかの所から、助けと救がユダヤ人のために起るでしょう。しかし、あなたとあなたの父の家とは滅びるでしょう。あなたがこの国に迎えられたのは、このような時のためでなかったとだれが知りましょう。
（エステル記 4:14・口語訳）

聖書の人物とアイテムが、みことばと一緒にカードになりました。全100枚を毎日1枚ずつ紹介中（15日目）。
欲しい！と思ったら、コメントで「欲しい」と教えてください🙏
売上の10%は教会に献金します。

#みことばカード #聖書 #クリスチャン #トレカ #聖書の人物 #エステル #愛タイプ"
16,2026-10-11,47,john-baptist,バプテスマのヨハネ,人物,ダブルレア ◆◆◆◆,videos/047_john-baptist.mp4,"【No.047 バプテスマのヨハネ】人物カード・ダブルレア ◆◆◆◆
「見よ、神の小羊」と救い主を指さした。

📖 その翌日、ヨハネはイエスが自分の方にこられるのを見て言った、「見よ、世の罪を取り除く神の小羊」。
（ヨハネによる福音書 1:29・口語訳）

聖書の人物とアイテムが、みことばと一緒にカードになりました。全100枚を毎日1枚ずつ紹介中（16日目）。
欲しい！と思ったら、コメントで「欲しい」と教えてください🙏
売上の10%は教会に献金します。

#みことばカード #聖書 #クリスチャン #トレカ #聖書の人物 #バプテスマのヨハネ #預言タイプ"
17,2026-10-12,76,gabriel,天使ガブリエル,人物,ダブルレア ◆◆◆◆,videos/076_gabriel.mp4,"【No.076 天使ガブリエル】人物カード・ダブルレア ◆◆◆◆
神の前に立つ御使。救い主の誕生を告げた。

📖 御使が答えて言った、「わたしは神のみまえに立つガブリエルであって、この喜ばしい知らせをあなたに語り伝えるために、つかわされたものである」。
（ルカによる福音書 1:19・口語訳）

聖書の人物とアイテムが、みことばと一緒にカードになりました。全100枚を毎日1枚ずつ紹介中（17日目）。
欲しい！と思ったら、コメントで「欲しい」と教えてください🙏
売上の10%は教会に献金します。

#みことばカード #聖書 #クリスチャン #トレカ #聖書の人物 #天使ガブリエル #光タイプ"
18,2026-10-13,79,tablets,十戒の石板,アイテム,ダブルレア ◆◆◆◆,videos/079_tablets.mp4,"【No.079 十戒の石板】アイテムカード・ダブルレア ◆◆◆◆
神の指で書かれた、十の戒め。

📖 主はシナイ山でモーセに語り終えられたとき、あかしの板二枚、すなわち神が指をもって書かれた石の板をモーセに授けられた。
（出エジプト記 31:18・口語訳）

聖書の人物とアイテムが、みことばと一緒にカードになりました。全100枚を毎日1枚ずつ紹介中（18日目）。
欲しい！と思ったら、コメントで「欲しい」と教えてください🙏
売上の10%は教会に献金します。

#みことばカード #聖書 #クリスチャン #トレカ #聖書のアイテム #十戒の石板"
19,2026-10-14,10,jacob,ヤコブ,人物,レア ◆◆◆,videos/010_jacob.mp4,"【No.010 ヤコブ】人物カード・レア ◆◆◆
天使と組み打ちして、イスラエルという名を受けた。

📖 時に彼は夢をみた。一つのはしごが地の上に立っていて、その頂は天に達し、神の使たちがそれを上り下りしているのを見た。
（創世記 28:12・口語訳）

聖書の人物とアイテムが、みことばと一緒にカードになりました。全100枚を毎日1枚ずつ紹介中（19日目）。
欲しい！と思ったら、コメントで「欲しい」と教えてください🙏
売上の10%は教会に献金します。

#みことばカード #聖書 #クリスチャン #トレカ #聖書の人物 #ヤコブ #力タイプ"
20,2026-10-15,82,ark-covenant,契約の箱,アイテム,ダブルレア ◆◆◆◆,videos/082_ark-covenant.mp4,"【No.082 契約の箱】アイテムカード・ダブルレア ◆◆◆◆
神がそこで会うと約束された、聖なる箱。

📖 その所でわたしはあなたに会い、贖罪所の上から、あかしの箱の上にある二つのケルビムの間から、イスラエルの人々のために、わたしが命じようとするもろもろの事を、あなたに語るであろう。
（出エジプト記 25:22・口語訳）

聖書の人物とアイテムが、みことばと一緒にカードになりました。全100枚を毎日1枚ずつ紹介中（20日目）。
欲しい！と思ったら、コメントで「欲しい」と教えてください🙏
売上の10%は教会に献金します。

#みことばカード #聖書 #クリスチャン #トレカ #聖書のアイテム #契約の箱"
21,2026-10-16,15,joshua,ヨシュア,人物,レア ◆◆◆,videos/015_joshua.mp4,"【No.015 ヨシュア】人物カード・レア ◆◆◆
モーセの後をつぎ、民を約束の地へ導いた。

📖 わたしはあなたに命じたではないか。強く、また雄々しくあれ。あなたがどこへ行くにも、あなたの神、主が共におられるゆえ、恐れてはならない、おののいてはならない。
（ヨシュア記 1:9・口語訳）

聖書の人物とアイテムが、みことばと一緒にカードになりました。全100枚を毎日1枚ずつ紹介中（21日目）。
欲しい！と思ったら、コメントで「欲しい」と教えてください🙏
売上の10%は教会に献金します。

#みことばカード #聖書 #クリスチャン #トレカ #聖書の人物 #ヨシュア #力タイプ"
22,2026-10-17,90,loaves-fish,五つのパンと二匹の魚,アイテム,ダブルレア ◆◆◆◆,videos/090_loaves-fish.mp4,"【No.090 五つのパンと二匹の魚】アイテムカード・ダブルレア ◆◆◆◆
少年のささげた弁当が、五千人を満たした。

📖 「ここに、大麦のパン五つと、さかな二ひきとを持っている子供がいます。しかし、こんなに大ぜいの人では、それが何になりましょう」。
（ヨハネによる福音書 6:9・口語訳）

聖書の人物とアイテムが、みことばと一緒にカードになりました。全100枚を毎日1枚ずつ紹介中（22日目）。
欲しい！と思ったら、コメントで「欲しい」と教えてください🙏
売上の10%は教会に献金します。

#みことばカード #聖書 #クリスチャン #トレカ #聖書のアイテム #五つのパンと二匹の魚"
23,2026-10-18,17,gideon,ギデオン,人物,レア ◆◆◆,videos/017_gideon.mp4,"【No.017 ギデオン】人物カード・レア ◆◆◆
わずか300人で大軍に勝った、臆病だった勇士。

📖 主の使は彼に現れて言った、「大勇士よ、主はあなたと共におられます」。
（士師記 6:12・口語訳）

聖書の人物とアイテムが、みことばと一緒にカードになりました。全100枚を毎日1枚ずつ紹介中（23日目）。
欲しい！と思ったら、コメントで「欲しい」と教えてください🙏
売上の10%は教会に献金します。

#みことばカード #聖書 #クリスチャン #トレカ #聖書の人物 #ギデオン #力タイプ"
24,2026-10-19,94,crown-thorns,茨の冠,アイテム,ダブルレア ◆◆◆◆,videos/094_crown-thorns.mp4,"【No.094 茨の冠】アイテムカード・ダブルレア ◆◆◆◆
王の王がかぶせられた、あざけりの冠。

📖 イエスはいばらの冠をかぶり、紫の上着を着たままで外へ出られると、ピラトは彼らに言った、「見よ、この人だ」。
（ヨハネによる福音書 19:5・口語訳）

聖書の人物とアイテムが、みことばと一緒にカードになりました。全100枚を毎日1枚ずつ紹介中（24日目）。
欲しい！と思ったら、コメントで「欲しい」と教えてください🙏
売上の10%は教会に献金します。

#みことばカード #聖書 #クリスチャン #トレカ #聖書のアイテム #茨の冠"
25,2026-10-20,25,samuel,サムエル,人物,レア ◆◆◆,videos/025_samuel.mp4,"【No.025 サムエル】人物カード・レア ◆◆◆
幼い日に神の呼ぶ声を聞いた預言者。

📖 主はきて立ち、前のように、「サムエルよ、サムエルよ」と呼ばれたので、サムエルは言った、「しもべは聞きます。お話しください」。
（サムエル記上 3:10・口語訳）

聖書の人物とアイテムが、みことばと一緒にカードになりました。全100枚を毎日1枚ずつ紹介中（25日目）。
欲しい！と思ったら、コメントで「欲しい」と教えてください🙏
売上の10%は教会に献金します。

#みことばカード #聖書 #クリスチャン #トレカ #聖書の人物 #サムエル #預言タイプ"
26,2026-10-21,97,armor-of-god,神の武具,アイテム,ダブルレア ◆◆◆◆,videos/097_armor-of-god.mp4,"【No.097 神の武具】アイテムカード・ダブルレア ◆◆◆◆
真理の帯、正義の胸当て、信仰の盾、御霊の剣。

📖 悪魔の策略に対抗して立ちうるために、神の武具で身を固めなさい。
（エペソ人への手紙 6:11・口語訳）

聖書の人物とアイテムが、みことばと一緒にカードになりました。全100枚を毎日1枚ずつ紹介中（26日目）。
欲しい！と思ったら、コメントで「欲しい」と教えてください🙏
売上の10%は教会に献金します。

#みことばカード #聖書 #クリスチャン #トレカ #聖書のアイテム #神の武具"
27,2026-10-22,29,goliath,ゴリアテ,人物,レア ◆◆◆,videos/029_goliath.mp4,"【No.029 ゴリアテ】人物カード・レア ◆◆◆
身の丈六キュビトの巨人。弱点は「石投げ」。

📖 時に、ペリシテびとの陣から、ガテのゴリアテという名の、戦いをいどむ者が出てきた。身のたけは六キュビト半。
（サムエル記上 17:4・口語訳）

聖書の人物とアイテムが、みことばと一緒にカードになりました。全100枚を毎日1枚ずつ紹介中（27日目）。
欲しい！と思ったら、コメントで「欲しい」と教えてください🙏
売上の10%は教会に献金します。

#みことばカード #聖書 #クリスチャン #トレカ #聖書の人物 #ゴリアテ #力タイプ"
28,2026-10-23,33,elisha,エリシャ,人物,レア ◆◆◆,videos/033_elisha.mp4,"【No.033 エリシャ】人物カード・レア ◆◆◆
エリヤの外套を受けつぎ、多くの奇跡を行った。

📖 彼らが渡ったとき、エリヤはエリシャに言った、「わたしが取られて、あなたを離れる前に、あなたのしてほしい事を求めなさい」。エリシャは言った、「どうぞ、あなたの霊の二つの分をわたしに継がせてください」。
（列王紀下 2:9・口語訳）

聖書の人物とアイテムが、みことばと一緒にカードになりました。全100枚を毎日1枚ずつ紹介中（28日目）。
欲しい！と思ったら、コメントで「欲しい」と教えてください🙏
売上の10%は教会に献金します。

#みことばカード #聖書 #クリスチャン #トレカ #聖書の人物 #エリシャ #預言タイプ"
29,2026-10-24,39,three-friends,三人の若者,人物,レア ◆◆◆,videos/039_three-friends.mp4,"【No.039 三人の若者】人物カード・レア ◆◆◆
シャデラク、メシャク、アベデネゴ。炉の中でも焼けなかった。

📖 もしそんなことになれば、わたしたちの仕えている神は、その火の燃える炉から、わたしたちを救い出すことができます。また王よ、あなたの手から、わたしたちを救い出されます。
（ダニエル書 3:17・口語訳）

聖書の人物とアイテムが、みことばと一緒にカードになりました。全100枚を毎日1枚ずつ紹介中（29日目）。
欲しい！と思ったら、コメントで「欲しい」と教えてください🙏
売上の10%は教会に献金します。

#みことばカード #聖書 #クリスチャン #トレカ #聖書の人物 #三人の若者 #信仰タイプ"
30,2026-10-25,34,jonah,ヨナ,人物,レア ◆◆◆,videos/034_jonah.mp4,"【No.034 ヨナ】人物カード・レア ◆◆◆
逃げても、大きな魚にのまれても、神に呼び戻された。

📖 主は大いなる魚を備えて、ヨナをのませられた。ヨナは三日三夜その魚の腹の中にいた。
（ヨナ書 1:17・口語訳）

聖書の人物とアイテムが、みことばと一緒にカードになりました。全100枚を毎日1枚ずつ紹介中（30日目）。
欲しい！と思ったら、コメントで「欲しい」と教えてください🙏
売上の10%は教会に献金します。

#みことばカード #聖書 #クリスチャン #トレカ #聖書の人物 #ヨナ #預言タイプ"
31,2026-10-26,42,job,ヨブ,人物,レア ◆◆◆,videos/042_job.mp4,"【No.042 ヨブ】人物カード・レア ◆◆◆
すべてを失っても、神をほめたたえた。

📖 そして言った、「わたしは裸で母の胎を出た。また裸でかしこに帰ろう。主が与え、主が取られたのだ。主のみ名はほむべきかな」。
（ヨブ記 1:21・口語訳）

聖書の人物とアイテムが、みことばと一緒にカードになりました。全100枚を毎日1枚ずつ紹介中（31日目）。
欲しい！と思ったら、コメントで「欲しい」と教えてください🙏
売上の10%は教会に献金します。

#みことばカード #聖書 #クリスチャン #トレカ #聖書の人物 #ヨブ #信仰タイプ"
32,2026-10-27,35,isaiah,イザヤ,人物,レア ◆◆◆,videos/035_isaiah.mp4,"【No.035 イザヤ】人物カード・レア ◆◆◆
救い主の来られることを告げた大預言者。

📖 わたしはまた主の言われる声を聞いた、「わたしはだれをつかわそうか。だれがわれわれのために行くだろうか」。その時わたしは言った、「ここにわたしがおります。わたしをおつかわしください」。
（イザヤ書 6:8・口語訳）

聖書の人物とアイテムが、みことばと一緒にカードになりました。全100枚を毎日1枚ずつ紹介中（32日目）。
欲しい！と思ったら、コメントで「欲しい」と教えてください🙏
売上の10%は教会に献金します。

#みことばカード #聖書 #クリスチャン #トレカ #聖書の人物 #イザヤ #預言タイプ"
33,2026-10-28,51,john-apostle,使徒ヨハネ,人物,レア ◆◆◆,videos/051_john-apostle.mp4,"【No.051 使徒ヨハネ】人物カード・レア ◆◆◆
イエスに愛された弟子。愛の手紙を書いた。

📖 愛する者たちよ。わたしたちは互に愛し合おうではないか。愛は、神から出たものなのである。すべて愛する者は、神から生れた者であって、神を知っている。
（ヨハネの第一の手紙 4:7・口語訳）

聖書の人物とアイテムが、みことばと一緒にカードになりました。全100枚を毎日1枚ずつ紹介中（33日目）。
欲しい！と思ったら、コメントで「欲しい」と教えてください🙏
売上の10%は教会に献金します。

#みことばカード #聖書 #クリスチャン #トレカ #聖書の人物 #使徒ヨハネ #愛タイプ"
34,2026-10-29,68,stephen,ステパノ,人物,レア ◆◆◆,videos/068_stephen.mp4,"【No.068 ステパノ】人物カード・レア ◆◆◆
最後まで人のゆるしを祈った、最初の殉教者。

📖 そして、ひざまずいて、大声で叫んだ、「主よ、どうぞ、この罪を彼らに負わせないで下さい」。こう言って、彼は眠りについた。
（使徒行伝 7:60・口語訳）

聖書の人物とアイテムが、みことばと一緒にカードになりました。全100枚を毎日1枚ずつ紹介中（34日目）。
欲しい！と思ったら、コメントで「欲しい」と教えてください🙏
売上の10%は教会に献金します。

#みことばカード #聖書 #クリスチャン #トレカ #聖書の人物 #ステパノ #信仰タイプ"
35,2026-10-30,56,mary-magdalene,マグダラのマリヤ,人物,レア ◆◆◆,videos/056_mary-magdalene.mp4,"【No.056 マグダラのマリヤ】人物カード・レア ◆◆◆
よみがえりのイエスに、最初に会った女性。

📖 マグダラのマリヤは弟子たちのところに行って、自分が主に会ったこと、またイエスがこれこれのことを自分に仰せになったことを、報告した。
（ヨハネによる福音書 20:18・口語訳）

聖書の人物とアイテムが、みことばと一緒にカードになりました。全100枚を毎日1枚ずつ紹介中（35日目）。
欲しい！と思ったら、コメントで「欲しい」と教えてください🙏
売上の10%は教会に献金します。

#みことばカード #聖書 #クリスチャン #トレカ #聖書の人物 #マグダラのマリヤ #愛タイプ"
36,2026-10-31,74,magi,東の博士,人物,レア ◆◆◆,videos/074_magi.mp4,"【No.074 東の博士】人物カード・レア ◆◆◆
星に導かれ、幼子に贈り物をささげた。

📖 そして、家にはいって、母マリヤのそばにいる幼な子に会い、ひれ伏して拝み、また、宝の箱をあけて、黄金・乳香・没薬などの贈り物をささげた。
（マタイによる福音書 2:11・口語訳）

聖書の人物とアイテムが、みことばと一緒にカードになりました。全100枚を毎日1枚ずつ紹介中（36日目）。
欲しい！と思ったら、コメントで「欲しい」と教えてください🙏
売上の10%は教会に献金します。

#みことばカード #聖書 #クリスチャン #トレカ #聖書の人物 #東の博士 #知恵タイプ"
37,2026-11-01,77,noahs-ark,ノアの箱舟,アイテム,レア ◆◆◆,videos/077_noahs-ark.mp4,"【No.077 ノアの箱舟】アイテムカード・レア ◆◆◆
いのちを乗せて、洪水を越えた舟。

📖 あなたは、いとすぎの木で箱舟を造り、箱舟の中にへやを設け、アスファルトでそのうちそとを塗りなさい。
（創世記 6:14・口語訳）

聖書の人物とアイテムが、みことばと一緒にカードになりました。全100枚を毎日1枚ずつ紹介中（37日目）。
欲しい！と思ったら、コメントで「欲しい」と教えてください🙏
売上の10%は教会に献金します。

#みことばカード #聖書 #クリスチャン #トレカ #聖書のアイテム #ノアの箱舟"
38,2026-11-02,7,sarah,サラ,人物,アンコモン ◆◆,videos/007_sarah.mp4,"【No.007 サラ】人物カード・アンコモン ◆◆
年老いてから、約束の子イサクを産んだ。

📖 そしてサラは言った、「神はわたしを笑わせてくださった。聞く者は皆わたしのことで笑うでしょう」。
（創世記 21:6・口語訳）

聖書の人物とアイテムが、みことばと一緒にカードになりました。全100枚を毎日1枚ずつ紹介中（38日目）。
欲しい！と思ったら、コメントで「欲しい」と教えてください🙏
売上の10%は教会に献金します。

#みことばカード #聖書 #クリスチャン #トレカ #聖書の人物 #サラ #愛タイプ"
39,2026-11-03,80,moses-staff,モーセの杖,アイテム,レア ◆◆◆,videos/080_moses-staff.mp4,"【No.080 モーセの杖】アイテムカード・レア ◆◆◆
海を分け、岩から水を出した杖。

📖 あなたはつえを上げ、手を海の上にさし伸べてそれを分け、イスラエルの人々に海の中のかわいた地を行かせなさい。
（出エジプト記 14:16・口語訳）

聖書の人物とアイテムが、みことばと一緒にカードになりました。全100枚を毎日1枚ずつ紹介中（39日目）。
欲しい！と思ったら、コメントで「欲しい」と教えてください🙏
売上の10%は教会に献金します。

#みことばカード #聖書 #クリスチャン #トレカ #聖書のアイテム #モーセの杖"
40,2026-11-04,8,isaac,イサク,人物,アンコモン ◆◆,videos/008_isaac.mp4,"【No.008 イサク】人物カード・アンコモン ◆◆
神が備えてくださることを、身をもって知った子。

📖 アブラハムは言った、「子よ、神みずから燔祭の小羊を備えてくださるであろう」。こうしてふたりは一緒に行った。
（創世記 22:8・口語訳）

聖書の人物とアイテムが、みことばと一緒にカードになりました。全100枚を毎日1枚ずつ紹介中（40日目）。
欲しい！と思ったら、コメントで「欲しい」と教えてください🙏
売上の10%は教会に献金します。

#みことばカード #聖書 #クリスチャン #トレカ #聖書の人物 #イサク #平和タイプ"
41,2026-11-05,84,davids-sling,ダビデの石投げ,アイテム,レア ◆◆◆,videos/084_davids-sling.mp4,"【No.084 ダビデの石投げ】アイテムカード・レア ◆◆◆
小さな石が、大きな巨人を倒した。

📖 ダビデは手を袋に入れて、その中から一つの石を取り、石投げで投げて、ペリシテびとの額を撃ったので、石はその額に突き入り、うつむきに地に倒れた。
（サムエル記上 17:49・口語訳）

聖書の人物とアイテムが、みことばと一緒にカードになりました。全100枚を毎日1枚ずつ紹介中（41日目）。
欲しい！と思ったら、コメントで「欲しい」と教えてください🙏
売上の10%は教会に献金します。

#みことばカード #聖書 #クリスチャン #トレカ #聖書のアイテム #ダビデの石投げ"
42,2026-11-06,13,aaron,アロン,人物,アンコモン ◆◆,videos/013_aaron.mp4,"【No.013 アロン】人物カード・アンコモン ◆◆
モーセの兄。その杖は一夜で花を咲かせた。

📖 その翌日、モーセが、あかしの幕屋にはいって見ると、レビの家のために出したアロンのつえは芽をふき、つぼみを出し、花が咲いて、あめんどうの実を結んでいた。
（民数記 17:8・口語訳）

聖書の人物とアイテムが、みことばと一緒にカードになりました。全100枚を毎日1枚ずつ紹介中（42日目）。
欲しい！と思ったら、コメントで「欲しい」と教えてください🙏
売上の10%は教会に献金します。

#みことばカード #聖書 #クリスチャン #トレカ #聖書の人物 #アロン #信仰タイプ"
43,2026-11-07,87,burning-bush,燃える柴,アイテム,レア ◆◆◆,videos/087_burning-bush.mp4,"【No.087 燃える柴】アイテムカード・レア ◆◆◆
燃えているのに、燃えつきない柴。

📖 ときに主の使は、しばの中の炎のうちに彼に現れた。彼が見ると、しばは火に燃えているのに、そのしばはなくならなかった。
（出エジプト記 3:2・口語訳）

聖書の人物とアイテムが、みことばと一緒にカードになりました。全100枚を毎日1枚ずつ紹介中（43日目）。
欲しい！と思ったら、コメントで「欲しい」と教えてください🙏
売上の10%は教会に献金します。

#みことばカード #聖書 #クリスチャン #トレカ #聖書のアイテム #燃える柴"
44,2026-11-08,16,rahab,ラハブ,人物,アンコモン ◆◆,videos/016_rahab.mp4,"【No.016 ラハブ】人物カード・アンコモン ◆◆
偵察に来た者をかくまい、信仰によって救われた。

📖 ラハブは言った、「あなたがたの仰せのとおりにいたしましょう」。こうして彼らを送り出したので、彼らは去った。そして彼女は赤いひもを窓に結んだ。
（ヨシュア記 2:21・口語訳）

聖書の人物とアイテムが、みことばと一緒にカードになりました。全100枚を毎日1枚ずつ紹介中（44日目）。
欲しい！と思ったら、コメントで「欲しい」と教えてください🙏
売上の10%は教会に献金します。

#みことばカード #聖書 #クリスチャン #トレカ #聖書の人物 #ラハブ #信仰タイプ"
45,2026-11-09,93,last-supper-cup,最後の晩餐の杯,アイテム,レア ◆◆◆,videos/093_last-supper-cup.mp4,"【No.093 最後の晩餐の杯】アイテムカード・レア ◆◆◆
わたしの血による新しい契約。

📖 食事ののち、杯も同じ様にして言われた、「この杯は、あなたがたのために流すわたしの血で立てられる新しい契約である」。
（ルカによる福音書 22:20・口語訳）

聖書の人物とアイテムが、みことばと一緒にカードになりました。全100枚を毎日1枚ずつ紹介中（45日目）。
欲しい！と思ったら、コメントで「欲しい」と教えてください🙏
売上の10%は教会に献金します。

#みことばカード #聖書 #クリスチャン #トレカ #聖書のアイテム #最後の晩餐の杯"
46,2026-11-10,18,deborah,デボラ,人物,アンコモン ◆◆,videos/018_deborah.mp4,"【No.018 デボラ】人物カード・アンコモン ◆◆
しゅろの木の下で民を裁いた女預言者。

📖 そのころラピドテの妻、女預言者デボラがイスラエルをさばいていた。
（士師記 4:4・口語訳）

聖書の人物とアイテムが、みことばと一緒にカードになりました。全100枚を毎日1枚ずつ紹介中（46日目）。
欲しい！と思ったら、コメントで「欲しい」と教えてください🙏
売上の10%は教会に献金します。

#みことばカード #聖書 #クリスチャン #トレカ #聖書の人物 #デボラ #知恵タイプ"
47,2026-11-11,96,empty-tomb-stone,空の墓の石,アイテム,レア ◆◆◆,videos/096_empty-tomb-stone.mp4,"【No.096 空の墓の石】アイテムカード・レア ◆◆◆
朝早く、すでに転がされていた大きな石。

📖 ところが、目をあげて見ると、石はすでにころがしてあった。この石は非常に大きかった。
（マルコによる福音書 16:4・口語訳）

聖書の人物とアイテムが、みことばと一緒にカードになりました。全100枚を毎日1枚ずつ紹介中（47日目）。
欲しい！と思ったら、コメントで「欲しい」と教えてください🙏
売上の10%は教会に献金します。

#みことばカード #聖書 #クリスチャン #トレカ #聖書のアイテム #空の墓の石"
48,2026-11-12,20,ruth,ルツ,人物,アンコモン ◆◆,videos/020_ruth.mp4,"【No.020 ルツ】人物カード・アンコモン ◆◆
しゅうとめを見捨てず、共に歩んだ異邦の女。

📖 しかしルツは言った、「あなたを捨て、あなたを離れて帰ることをわたしに勧めないでください。わたしはあなたの行かれる所へ行き、またあなたの宿られる所に宿ります。あなたの民はわたしの民、あなたの神はわたしの神です」。
（ルツ記 1:16・口語訳）

聖書の人物とアイテムが、みことばと一緒にカードになりました。全100枚を毎日1枚ずつ紹介中（48日目）。
欲しい！と思ったら、コメントで「欲しい」と教えてください🙏
売上の10%は教会に献金します。

#みことばカード #聖書 #クリスチャン #トレカ #聖書の人物 #ルツ #愛タイプ"
49,2026-11-13,26,saul,サウル,人物,アンコモン ◆◆,videos/026_saul.mp4,"【No.026 サウル】人物カード・アンコモン ◆◆
イスラエル最初の王。人よりも肩から上だけ高かった。

📖 キシにはサウルという名の子があった。若くて麗しく、イスラエルの人々のうちに彼よりも麗しい人はなく、民のだれよりも肩から上、背が高かった。
（サムエル記上 9:2・口語訳）

聖書の人物とアイテムが、みことばと一緒にカードになりました。全100枚を毎日1枚ずつ紹介中（49日目）。
欲しい！と思ったら、コメントで「欲しい」と教えてください🙏
売上の10%は教会に献金します。

#みことばカード #聖書 #クリスチャン #トレカ #聖書の人物 #サウル #力タイプ"
50,2026-11-14,28,jonathan,ヨナタン,人物,アンコモン ◆◆,videos/028_jonathan.mp4,"【No.028 ヨナタン】人物カード・アンコモン ◆◆
ダビデを自分のように愛した王子。

📖 ダビデがサウルに語り終えた時、ヨナタンの心はダビデの心に結びつき、ヨナタンは自分の命のようにダビデを愛した。
（サムエル記上 18:1・口語訳）

聖書の人物とアイテムが、みことばと一緒にカードになりました。全100枚を毎日1枚ずつ紹介中（50日目）。
欲しい！と思ったら、コメントで「欲しい」と教えてください🙏
売上の10%は教会に献金します。

#みことばカード #聖書 #クリスチャン #トレカ #聖書の人物 #ヨナタン #愛タイプ"
51,2026-11-15,31,sheba,シバの女王,人物,アンコモン ◆◆,videos/031_sheba.mp4,"【No.031 シバの女王】人物カード・アンコモン ◆◆
ソロモンの知恵を確かめに、遠くから来た女王。

📖 シバの女王は主の名にかかわるソロモンの名声を聞いたので、難問をもってソロモンを試みようとたずねてきた。
（列王紀上 10:1・口語訳）

聖書の人物とアイテムが、みことばと一緒にカードになりました。全100枚を毎日1枚ずつ紹介中（51日目）。
欲しい！と思ったら、コメントで「欲しい」と教えてください🙏
売上の10%は教会に献金します。

#みことばカード #聖書 #クリスチャン #トレカ #聖書の人物 #シバの女王 #知恵タイプ"
52,2026-11-16,36,jeremiah,エレミヤ,人物,アンコモン ◆◆,videos/036_jeremiah.mp4,"【No.036 エレミヤ】人物カード・アンコモン ◆◆
涙の預言者。それでも、平安と希望の計画を告げた。

📖 主は言われる、わたしがあなたがたに対していだいている計画はわたしが知っている。それは災を与えようというのではなく、平安を与えようとするものであり、あなたがたに将来を与え、希望を与えようとするものである。
（エレミヤ書 29:11・口語訳）

聖書の人物とアイテムが、みことばと一緒にカードになりました。全100枚を毎日1枚ずつ紹介中（52日目）。
欲しい！と思ったら、コメントで「欲しい」と教えてください🙏
売上の10%は教会に献金します。

#みことばカード #聖書 #クリスチャン #トレカ #聖書の人物 #エレミヤ #預言タイプ"
53,2026-11-17,46,joseph-carpenter,大工ヨセフ,人物,アンコモン ◆◆,videos/046_joseph-carpenter.mp4,"【No.046 大工ヨセフ】人物カード・アンコモン ◆◆
夢のお告げに従い、マリヤと幼子を守った。

📖 ヨセフは眠りからさめた後に、主の使が命じたとおりに、マリヤを妻に迎えた。
（マタイによる福音書 1:24・口語訳）

聖書の人物とアイテムが、みことばと一緒にカードになりました。全100枚を毎日1枚ずつ紹介中（53日目）。
欲しい！と思ったら、コメントで「欲しい」と教えてください🙏
売上の10%は教会に献金します。

#みことばカード #聖書 #クリスチャン #トレカ #聖書の人物 #大工ヨセフ #平和タイプ"
54,2026-11-18,37,ezekiel,エゼキエル,人物,アンコモン ◆◆,videos/037_ezekiel.mp4,"【No.037 エゼキエル】人物カード・アンコモン ◆◆
枯れた骨の谷が、生き返る幻を見た預言者。

📖 主なる神はこれらの骨にこう言われる、見よ、わたしはあなたがたのうちに息を入れて、あなたがたを生かす。
（エゼキエル書 37:5・口語訳）

聖書の人物とアイテムが、みことばと一緒にカードになりました。全100枚を毎日1枚ずつ紹介中（54日目）。
欲しい！と思ったら、コメントで「欲しい」と教えてください🙏
売上の10%は教会に献金します。

#みことばカード #聖書 #クリスチャン #トレカ #聖書の人物 #エゼキエル #預言タイプ"
55,2026-11-19,52,matthew,マタイ,人物,アンコモン ◆◆,videos/052_matthew.mp4,"【No.052 マタイ】人物カード・アンコモン ◆◆
取税人から弟子になり、福音書を書いた。

📖 さてイエスはそこから進んで行かれ、マタイという人が収税所にすわっているのを見て、「わたしに従ってきなさい」と言われた。すると彼は立ちあがって、イエスに従った。
（マタイによる福音書 9:9・口語訳）

聖書の人物とアイテムが、みことばと一緒にカードになりました。全100枚を毎日1枚ずつ紹介中（55日目）。
欲しい！と思ったら、コメントで「欲しい」と教えてください🙏
売上の10%は教会に献金します。

#みことばカード #聖書 #クリスチャン #トレカ #聖書の人物 #マタイ #知恵タイプ"
56,2026-11-20,59,lazarus,ラザロ,人物,アンコモン ◆◆,videos/059_lazarus.mp4,"【No.059 ラザロ】人物カード・アンコモン ◆◆
死んで四日たってから、よみがえらされた。

📖 こう言いながら、大声で「ラザロよ、出てきなさい」と呼ばわれた。
（ヨハネによる福音書 11:43・口語訳）

聖書の人物とアイテムが、みことばと一緒にカードになりました。全100枚を毎日1枚ずつ紹介中（56日目）。
欲しい！と思ったら、コメントで「欲しい」と教えてください🙏
売上の10%は教会に献金します。

#みことばカード #聖書 #クリスチャン #トレカ #聖書の人物 #ラザロ #信仰タイプ"
57,2026-11-21,53,thomas,トマス,人物,アンコモン ◆◆,videos/053_thomas.mp4,"【No.053 トマス】人物カード・アンコモン ◆◆
見て、触れて、そして誰よりも深く告白した。

📖 トマスはイエスに答えて言った、「わが主よ、わが神よ」。
（ヨハネによる福音書 20:28・口語訳）

聖書の人物とアイテムが、みことばと一緒にカードになりました。全100枚を毎日1枚ずつ紹介中（57日目）。
欲しい！と思ったら、コメントで「欲しい」と教えてください🙏
売上の10%は教会に献金します。

#みことばカード #聖書 #クリスチャン #トレカ #聖書の人物 #トマス #知恵タイプ"
58,2026-11-22,60,zacchaeus,ザアカイ,人物,アンコモン ◆◆,videos/060_zacchaeus.mp4,"【No.060 ザアカイ】人物カード・アンコモン ◆◆
背の低い取税人。木に登ってイエスを見ようとした。

📖 イエスは、その場所にこられたとき、上を見あげて言われた、「ザアカイよ、急いで下りてきなさい。きょう、あなたの家に泊まることにしているから」。
（ルカによる福音書 19:5・口語訳）

聖書の人物とアイテムが、みことばと一緒にカードになりました。全100枚を毎日1枚ずつ紹介中（58日目）。
欲しい！と思ったら、コメントで「欲しい」と教えてください🙏
売上の10%は教会に献金します。

#みことばカード #聖書 #クリスチャン #トレカ #聖書の人物 #ザアカイ #平和タイプ"
59,2026-11-23,63,centurion,百卒長,人物,アンコモン ◆◆,videos/063_centurion.mp4,"【No.063 百卒長】人物カード・アンコモン ◆◆
「ただお言葉をください」と言った、信仰の軍人。

📖 そこで百卒長は答えて言った、「主よ、わたしの屋根の下にあなたをお入れする資格は、わたしにはございません。ただ、お言葉を下さい。そうすれば僕はなおります」。
（マタイによる福音書 8:8・口語訳）

聖書の人物とアイテムが、みことばと一緒にカードになりました。全100枚を毎日1枚ずつ紹介中（59日目）。
欲しい！と思ったら、コメントで「欲しい」と教えてください🙏
売上の10%は教会に献金します。

#みことばカード #聖書 #クリスチャン #トレカ #聖書の人物 #百卒長 #信仰タイプ"
60,2026-11-24,65,good-samaritan,良きサマリヤ人,人物,アンコモン ◆◆,videos/065_good-samaritan.mp4,"【No.065 良きサマリヤ人】人物カード・アンコモン ◆◆
倒れた旅人を助けた、本当の隣り人。

📖 ところが、あるサマリヤ人が旅をしてこの人のところを通りかかり、彼を見て気の毒に思い、近寄ってきてその傷にオリブ油とぶどう酒とを注いでほうたいをしてやり、自分の家畜に乗せ、宿屋に連れて行って介抱した。
（ルカによる福音書 10:33-34・口語訳）

聖書の人物とアイテムが、みことばと一緒にカードになりました。全100枚を毎日1枚ずつ紹介中（60日目）。
欲しい！と思ったら、コメントで「欲しい」と教えてください🙏
売上の10%は教会に献金します。

#みことばカード #聖書 #クリスチャン #トレカ #聖書の人物 #良きサマリヤ人 #愛タイプ"
61,2026-11-25,67,barnabas,バルナバ,人物,アンコモン ◆◆,videos/067_barnabas.mp4,"【No.067 バルナバ】人物カード・アンコモン ◆◆
「慰めの子」。人を励まし、つなぐ人。

📖 彼は聖霊と信仰とに満ちた立派な人であったからである。こうして主に加わる人々が、大ぜいになった。
（使徒行伝 11:24・口語訳）

聖書の人物とアイテムが、みことばと一緒にカードになりました。全100枚を毎日1枚ずつ紹介中（61日目）。
欲しい！と思ったら、コメントで「欲しい」と教えてください🙏
売上の10%は教会に献金します。

#みことばカード #聖書 #クリスチャン #トレカ #聖書の人物 #バルナバ #平和タイプ"
62,2026-11-26,78,rainbow,契約の虹,アイテム,アンコモン ◆◆,videos/078_rainbow.mp4,"【No.078 契約の虹】アイテムカード・アンコモン ◆◆
もう洪水で滅ぼさない、という神の約束のしるし。

📖 すなわち、わたしは雲の中に、にじを置く。これがわたしと地との間の契約のしるしとなる。
（創世記 9:13・口語訳）

聖書の人物とアイテムが、みことばと一緒にカードになりました。全100枚を毎日1枚ずつ紹介中（62日目）。
欲しい！と思ったら、コメントで「欲しい」と教えてください🙏
売上の10%は教会に献金します。

#みことばカード #聖書 #クリスチャン #トレカ #聖書のアイテム #契約の虹"
63,2026-11-27,81,manna,マナ,アイテム,アンコモン ◆◆,videos/081_manna.mp4,"【No.081 マナ】アイテムカード・アンコモン ◆◆
荒野で毎朝降った、天からのパン。

📖 イスラエルの人々はそれを見て互に言った、「これはなんであろう」。彼らはそれがなんであるのか知らなかったからである。モーセは彼らに言った、「これは主があなたがたの食物として賜わるパンである」。
（出エジプト記 16:15・口語訳）

聖書の人物とアイテムが、みことばと一緒にカードになりました。全100枚を毎日1枚ずつ紹介中（63日目）。
欲しい！と思ったら、コメントで「欲しい」と教えてください🙏
売上の10%は教会に献金します。

#みことばカード #聖書 #クリスチャン #トレカ #聖書のアイテム #マナ"
64,2026-11-28,83,jericho-trumpets,エリコのラッパ,アイテム,アンコモン ◆◆,videos/083_jericho-trumpets.mp4,"【No.083 エリコのラッパ】アイテムカード・アンコモン ◆◆
吹き鳴らすと、城壁がくずれ落ちた。

📖 そこで民は呼ばわり、祭司たちはラッパを吹き鳴らした。民はラッパの音を聞くと同時に、みな大声をあげて呼ばわったので、石がきはくずれ落ちた。そこで民はみな、すぐに上って町にはいり、町を攻め取った。
（ヨシュア記 6:20・口語訳）

聖書の人物とアイテムが、みことばと一緒にカードになりました。全100枚を毎日1枚ずつ紹介中（64日目）。
欲しい！と思ったら、コメントで「欲しい」と教えてください🙏
売上の10%は教会に献金します。

#みことばカード #聖書 #クリスチャン #トレカ #聖書のアイテム #エリコのラッパ"
65,2026-11-29,2,adam,アダム,人物,コモン ◆,videos/002_adam.mp4,"【No.002 アダム】人物カード・コモン ◆
神が土のちりから造った、最初の人。

📖 主なる神は土のちりで人を造り、命の息をその鼻に吹きいれられた。そこで人は生きた者となった。
（創世記 2:7・口語訳）

聖書の人物とアイテムが、みことばと一緒にカードになりました。全100枚を毎日1枚ずつ紹介中（65日目）。
欲しい！と思ったら、コメントで「欲しい」と教えてください🙏
売上の10%は教会に献金します。

#みことばカード #聖書 #クリスチャン #トレカ #聖書の人物 #アダム #平和タイプ"
66,2026-11-30,85,jacobs-ladder,天のはしご,アイテム,アンコモン ◆◆,videos/085_jacobs-ladder.mp4,"【No.085 天のはしご】アイテムカード・アンコモン ◆◆
天と地をつなぐ、御使の上り下りするはしご。

📖 また言われた、「よくよくあなたがたに言っておく。天が開けて、神の御使たちが人の子の上に上り下りするのを、あなたがたは見るであろう」。
（ヨハネによる福音書 1:51・口語訳）

聖書の人物とアイテムが、みことばと一緒にカードになりました。全100枚を毎日1枚ずつ紹介中（66日目）。
欲しい！と思ったら、コメントで「欲しい」と教えてください🙏
売上の10%は教会に献金します。

#みことばカード #聖書 #クリスチャン #トレカ #聖書のアイテム #天のはしご"
67,2026-12-01,3,eve,エバ,人物,コモン ◆,videos/003_eve.mp4,"【No.003 エバ】人物カード・コモン ◆
すべて生きた者の母。

📖 さて、人はその妻の名をエバと名づけた。彼女がすべて生きた者の母だからである。
（創世記 3:20・口語訳）

聖書の人物とアイテムが、みことばと一緒にカードになりました。全100枚を毎日1枚ずつ紹介中（67日目）。
欲しい！と思ったら、コメントで「欲しい」と教えてください🙏
売上の10%は教会に献金します。

#みことばカード #聖書 #クリスチャン #トレカ #聖書の人物 #エバ #愛タイプ"
68,2026-12-02,86,josephs-coat,ヨセフの晴れ着,アイテム,アンコモン ◆◆,videos/086_josephs-coat.mp4,"【No.086 ヨセフの晴れ着】アイテムカード・アンコモン ◆◆
父の愛のしるし、そでの長い晴れ着。

📖 ヨセフは年寄り子であったから、イスラエルは他のどの子よりも彼を愛して、彼のために長そでの着物をつくった。
（創世記 37:3・口語訳）

聖書の人物とアイテムが、みことばと一緒にカードになりました。全100枚を毎日1枚ずつ紹介中（68日目）。
欲しい！と思ったら、コメントで「欲しい」と教えてください🙏
売上の10%は教会に献金します。

#みことばカード #聖書 #クリスチャン #トレカ #聖書のアイテム #ヨセフの晴れ着"
69,2026-12-03,4,abel,アベル,人物,コモン ◆,videos/004_abel.mp4,"【No.004 アベル】人物カード・コモン ◆
羊を飼う者。いちばん良いものを神にささげた。

📖 アベルもまた、その群れのういごと肥えたものとを持ってきた。主はアベルとその供え物とを顧みられた。
（創世記 4:4・口語訳）

聖書の人物とアイテムが、みことばと一緒にカードになりました。全100枚を毎日1枚ずつ紹介中（69日目）。
欲しい！と思ったら、コメントで「欲しい」と教えてください🙏
売上の10%は教会に献金します。

#みことばカード #聖書 #クリスチャン #トレカ #聖書の人物 #アベル #信仰タイプ"
70,2026-12-04,91,water-wine,カナのぶどう酒,アイテム,アンコモン ◆◆,videos/091_water-wine.mp4,"【No.091 カナのぶどう酒】アイテムカード・アンコモン ◆◆
水がめの水が、最上のぶどう酒に変わった。

📖 イエスは彼らに「かめに水をいっぱい入れなさい」と言われたので、彼らは口のところまでいっぱいに入れた。
（ヨハネによる福音書 2:7・口語訳）

聖書の人物とアイテムが、みことばと一緒にカードになりました。全100枚を毎日1枚ずつ紹介中（70日目）。
欲しい！と思ったら、コメントで「欲しい」と教えてください🙏
売上の10%は教会に献金します。

#みことばカード #聖書 #クリスチャン #トレカ #聖書のアイテム #カナのぶどう酒"
71,2026-12-05,9,rebekah,リベカ,人物,コモン ◆,videos/009_rebekah.mp4,"【No.009 リベカ】人物カード・コモン ◆
旅人とらくだに進んで水を飲ませた、やさしい娘。

📖 すると彼女は「わが主よ、お飲みください」と言って、急いで水がめを自分の手に取りおろして彼に飲ませた。
（創世記 24:18・口語訳）

聖書の人物とアイテムが、みことばと一緒にカードになりました。全100枚を毎日1枚ずつ紹介中（71日目）。
欲しい！と思ったら、コメントで「欲しい」と教えてください🙏
売上の10%は教会に献金します。

#みことばカード #聖書 #クリスチャン #トレカ #聖書の人物 #リベカ #愛タイプ"
72,2026-12-06,92,nard,ナルドの香油,アイテム,アンコモン ◆◆,videos/092_nard.mp4,"【No.092 ナルドの香油】アイテムカード・アンコモン ◆◆
惜しまずに注がれた、高価な香油。

📖 イエスがベタニヤで、らい病人シモンの家にいて、食卓についておられたとき、ひとりの女が、非常に高価で純粋なナルドの香油が入れてある石膏のつぼを持ってきて、それをこわし、香油をイエスの頭に注ぎかけた。
（マルコによる福音書 14:3・口語訳）

聖書の人物とアイテムが、みことばと一緒にカードになりました。全100枚を毎日1枚ずつ紹介中（72日目）。
欲しい！と思ったら、コメントで「欲しい」と教えてください🙏
売上の10%は教会に献金します。

#みことばカード #聖書 #クリスチャン #トレカ #聖書のアイテム #ナルドの香油"
73,2026-12-07,14,miriam,ミリアム,人物,コモン ◆,videos/014_miriam.mp4,"【No.014 ミリアム】人物カード・コモン ◆
海を渡ったあと、鼓を手に神をたたえた。

📖 そのとき、アロンの姉、女預言者ミリアムはタンバリンを手に取り、女たちも皆タンバリンを取って、踊りながら、そのあとに従って出てきた。
（出エジプト記 15:20・口語訳）

聖書の人物とアイテムが、みことばと一緒にカードになりました。全100枚を毎日1枚ずつ紹介中（73日目）。
欲しい！と思ったら、コメントで「欲しい」と教えてください🙏
売上の10%は教会に献金します。

#みことばカード #聖書 #クリスチャン #トレカ #聖書の人物 #ミリアム #愛タイプ"
74,2026-12-08,100,keys-kingdom,天国のかぎ,アイテム,アンコモン ◆◆,videos/100_keys-kingdom.mp4,"【No.100 天国のかぎ】アイテムカード・アンコモン ◆◆
ペテロに与えられた、天国のかぎ。

📖 わたしは、あなたに天国のかぎを授けよう。そして、あなたが地上でつなぐことは、天でもつながれ、あなたが地上で解くことは天でも解かれるであろう。
（マタイによる福音書 16:19・口語訳）

聖書の人物とアイテムが、みことばと一緒にカードになりました。全100枚を毎日1枚ずつ紹介中（74日目）。
欲しい！と思ったら、コメントで「欲しい」と教えてください🙏
売上の10%は教会に献金します。

#みことばカード #聖書 #クリスチャン #トレカ #聖書のアイテム #天国のかぎ"
75,2026-12-09,21,naomi,ナオミ,人物,コモン ◆,videos/021_naomi.mp4,"【No.021 ナオミ】人物カード・コモン ◆
悲しみの中から、神の祝福を受けたしゅうとめ。

📖 そのとき、女たちはナオミに言った、「主はほむべきかな、主はあなたを見捨てずに、きょう、あなたにひとりの近親をお授けになりました。どうぞ、その子の名がイスラエルのうちに高く揚げられますように」。
（ルツ記 4:14・口語訳）

聖書の人物とアイテムが、みことばと一緒にカードになりました。全100枚を毎日1枚ずつ紹介中（75日目）。
欲しい！と思ったら、コメントで「欲しい」と教えてください🙏
売上の10%は教会に献金します。

#みことばカード #聖書 #クリスチャン #トレカ #聖書の人物 #ナオミ #平和タイプ"
76,2026-12-10,23,caleb,カレブ,人物,コモン ◆,videos/023_caleb.mp4,"【No.023 カレブ】人物カード・コモン ◆
巨人を恐れず、約束の地は取れると言った勇士。

📖 そのとき、カレブはモーセの前で、民をしずめて言った、「わたしたちはすぐにのぼって、攻め取りましょう。わたしたちは必ず勝つことができます」。
（民数記 13:30・口語訳）

聖書の人物とアイテムが、みことばと一緒にカードになりました。全100枚を毎日1枚ずつ紹介中（76日目）。
欲しい！と思ったら、コメントで「欲しい」と教えてください🙏
売上の10%は教会に献金します。

#みことばカード #聖書 #クリスチャン #トレカ #聖書の人物 #カレブ #力タイプ"
77,2026-12-11,22,boaz,ボアズ,人物,コモン ◆,videos/022_boaz.mp4,"【No.022 ボアズ】人物カード・コモン ◆
落ち穂を拾うルツを守った、情けある地主。

📖 どうぞ、主があなたのしたことに報いられるように。どうぞ、イスラエルの神、主、すなわちあなたがその翼の下に身を寄せようとしてきた主からじゅうぶんの報いを得られるように。
（ルツ記 2:12・口語訳）

聖書の人物とアイテムが、みことばと一緒にカードになりました。全100枚を毎日1枚ずつ紹介中（77日目）。
欲しい！と思ったら、コメントで「欲しい」と教えてください🙏
売上の10%は教会に献金します。

#みことばカード #聖書 #クリスチャン #トレカ #聖書の人物 #ボアズ #平和タイプ"
78,2026-12-12,24,hannah,ハンナ,人物,コモン ◆,videos/024_hannah.mp4,"【No.024 ハンナ】人物カード・コモン ◆
涙の祈りが聞かれ、サムエルを授かった母。

📖 この子を与えてくださいと、わたしは祈りましたが、主はわたしの求めた願いを聞きとどけられました。
（サムエル記上 1:27・口語訳）

聖書の人物とアイテムが、みことばと一緒にカードになりました。全100枚を毎日1枚ずつ紹介中（78日目）。
欲しい！と思ったら、コメントで「欲しい」と教えてください🙏
売上の10%は教会に献金します。

#みことばカード #聖書 #クリスチャン #トレカ #聖書の人物 #ハンナ #信仰タイプ"
79,2026-12-13,41,mordecai,モルデカイ,人物,コモン ◆,videos/041_mordecai.mp4,"【No.041 モルデカイ】人物カード・コモン ◆
エステルを育て、民のために知恵を尽くした人。

📖 ユダヤ人モルデカイはアハシュエロス王に次ぐ者となり、ユダヤ人の中にあって大いなる者となり、その多くの兄弟に喜ばれた。彼はその民の幸福を求め、すべての国民に平和を述べたからである。
（エステル記 10:3・口語訳）

聖書の人物とアイテムが、みことばと一緒にカードになりました。全100枚を毎日1枚ずつ紹介中（79日目）。
欲しい！と思ったら、コメントで「欲しい」と教えてください🙏
売上の10%は教会に献金します。

#みことばカード #聖書 #クリスチャン #トレカ #聖書の人物 #モルデカイ #知恵タイプ"
80,2026-12-14,43,nehemiah,ネヘミヤ,人物,コモン ◆,videos/043_nehemiah.mp4,"【No.043 ネヘミヤ】人物カード・コモン ◆
エルサレムの城壁を52日で建て直した。

📖 そして彼らに言った、「あなたがたは去って、肥えたものを食べ、甘いものを飲みなさい。その備えのないものには分けてやりなさい。この日はわれわれの主の聖なる日です。憂えてはならない。主を喜ぶことはあなたがたの力です」。
（ネヘミヤ記 8:10・口語訳）

聖書の人物とアイテムが、みことばと一緒にカードになりました。全100枚を毎日1枚ずつ紹介中（80日目）。
欲しい！と思ったら、コメントで「欲しい」と教えてください🙏
売上の10%は教会に献金します。

#みことばカード #聖書 #クリスチャン #トレカ #聖書の人物 #ネヘミヤ #力タイプ"
81,2026-12-15,44,ezra,エズラ,人物,コモン ◆,videos/044_ezra.mp4,"【No.044 エズラ】人物カード・コモン ◆
神の律法を学び、行い、教えた学者。

📖 エズラは心をこめて主の律法を調べ、これを行い、かつイスラエルのうちに定めとおきてとを教えた。
（エズラ記 7:10・口語訳）

聖書の人物とアイテムが、みことばと一緒にカードになりました。全100枚を毎日1枚ずつ紹介中（81日目）。
欲しい！と思ったら、コメントで「欲しい」と教えてください🙏
売上の10%は教会に献金します。

#みことばカード #聖書 #クリスチャン #トレカ #聖書の人物 #エズラ #知恵タイプ"
82,2026-12-16,49,andrew,アンデレ,人物,コモン ◆,videos/049_andrew.mp4,"【No.049 アンデレ】人物カード・コモン ◆
兄ペテロを、イエスのもとへ連れていった。

📖 彼はまず自分の兄弟シモンに出会って言った、「わたしたちはメシヤ（訳せば、キリスト）にいま出会った」。
（ヨハネによる福音書 1:41・口語訳）

聖書の人物とアイテムが、みことばと一緒にカードになりました。全100枚を毎日1枚ずつ紹介中（82日目）。
欲しい！と思ったら、コメントで「欲しい」と教えてください🙏
売上の10%は教会に献金します。

#みことばカード #聖書 #クリスチャン #トレカ #聖書の人物 #アンデレ #信仰タイプ"
83,2026-12-17,50,james,使徒ヤコブ,人物,コモン ◆,videos/050_james.mp4,"【No.050 使徒ヤコブ】人物カード・コモン ◆
「雷の子」と呼ばれた、熱い心の使徒。

📖 またゼベダイの子ヤコブと、ヤコブの兄弟ヨハネ、彼らにはボアネルゲ、すなわち、雷の子という名をつけられた。
（マルコによる福音書 3:17・口語訳）

聖書の人物とアイテムが、みことばと一緒にカードになりました。全100枚を毎日1枚ずつ紹介中（83日目）。
欲しい！と思ったら、コメントで「欲しい」と教えてください🙏
売上の10%は教会に献金します。

#みことばカード #聖書 #クリスチャン #トレカ #聖書の人物 #使徒ヤコブ #力タイプ"
84,2026-12-18,54,philip,ピリポ,人物,コモン ◆,videos/054_philip.mp4,"【No.054 ピリポ】人物カード・コモン ◆
「来て、見なさい」と友を誘った弟子。

📖 ピリポはイエスに言った、「主よ、わたしたちに父を示して下さい。そうして下されば、わたしたちは満足します」。
（ヨハネによる福音書 14:8・口語訳）

聖書の人物とアイテムが、みことばと一緒にカードになりました。全100枚を毎日1枚ずつ紹介中（84日目）。
欲しい！と思ったら、コメントで「欲しい」と教えてください🙏
売上の10%は教会に献金します。

#みことばカード #聖書 #クリスチャン #トレカ #聖書の人物 #ピリポ #知恵タイプ"
85,2026-12-19,55,nathanael,ナタナエル,人物,コモン ◆,videos/055_nathanael.mp4,"【No.055 ナタナエル】人物カード・コモン ◆
偽りのないイスラエル人、とイエスに言われた。

📖 イエスはナタナエルが自分の方に来るのを見て、彼について言われた、「見よ、あの人こそ、ほんとうのイスラエル人である。その心には偽りがない」。
（ヨハネによる福音書 1:47・口語訳）

聖書の人物とアイテムが、みことばと一緒にカードになりました。全100枚を毎日1枚ずつ紹介中（85日目）。
欲しい！と思ったら、コメントで「欲しい」と教えてください🙏
売上の10%は教会に献金します。

#みことばカード #聖書 #クリスチャン #トレカ #聖書の人物 #ナタナエル #平和タイプ"
86,2026-12-20,58,mary-bethany,ベタニヤのマリヤ,人物,コモン ◆,videos/058_mary-bethany.mp4,"【No.058 ベタニヤのマリヤ】人物カード・コモン ◆
イエスの足もとに座り、みことばに聞き入った。

📖 この女にマリヤという妹がいたが、主の足もとにすわって、御言に聞き入っていた。
（ルカによる福音書 10:39・口語訳）

聖書の人物とアイテムが、みことばと一緒にカードになりました。全100枚を毎日1枚ずつ紹介中（86日目）。
欲しい！と思ったら、コメントで「欲しい」と教えてください🙏
売上の10%は教会に献金します。

#みことばカード #聖書 #クリスチャン #トレカ #聖書の人物 #ベタニヤのマリヤ #愛タイプ"
87,2026-12-21,57,martha,マルタ,人物,コモン ◆,videos/057_martha.mp4,"【No.057 マルタ】人物カード・コモン ◆
心をこめてイエスをもてなした姉。

📖 主は答えて言われた、「マルタよ、マルタよ、あなたは多くのことに心を配って思いわずらっている」。
（ルカによる福音書 10:41・口語訳）

聖書の人物とアイテムが、みことばと一緒にカードになりました。全100枚を毎日1枚ずつ紹介中（87日目）。
欲しい！と思ったら、コメントで「欲しい」と教えてください🙏
売上の10%は教会に献金します。

#みことばカード #聖書 #クリスチャン #トレカ #聖書の人物 #マルタ #平和タイプ"
88,2026-12-22,61,nicodemus,ニコデモ,人物,コモン ◆,videos/061_nicodemus.mp4,"【No.061 ニコデモ】人物カード・コモン ◆
夜にイエスをたずね、新しく生まれることを聞いた。

📖 ニコデモは言った、「人は年をとってから生れることが、どうしてできますか。もう一度、母の胎にはいって生れることができましょうか」。
（ヨハネによる福音書 3:4・口語訳）

聖書の人物とアイテムが、みことばと一緒にカードになりました。全100枚を毎日1枚ずつ紹介中（88日目）。
欲しい！と思ったら、コメントで「欲しい」と教えてください🙏
売上の10%は教会に献金します。

#みことばカード #聖書 #クリスチャン #トレカ #聖書の人物 #ニコデモ #知恵タイプ"
89,2026-12-23,62,samaritan-woman,サマリヤの女,人物,コモン ◆,videos/062_samaritan-woman.mp4,"【No.062 サマリヤの女】人物カード・コモン ◆
井戸のそばで、永遠の命の水の話を聞いた。

📖 しかし、わたしが与える水を飲む者は、いつまでも、かわくことがないばかりか、わたしが与える水は、その人のうちで泉となり、永遠の命に至る水が、わきあがるであろう。
（ヨハネによる福音書 4:14・口語訳）

聖書の人物とアイテムが、みことばと一緒にカードになりました。全100枚を毎日1枚ずつ紹介中（89日目）。
欲しい！と思ったら、コメントで「欲しい」と教えてください🙏
売上の10%は教会に献金します。

#みことばカード #聖書 #クリスチャン #トレカ #聖書の人物 #サマリヤの女 #愛タイプ"
90,2026-12-24,69,timothy,テモテ,人物,コモン ◆,videos/069_timothy.mp4,"【No.069 テモテ】人物カード・コモン ◆
パウロの若い同労者。信仰の手本となった。

📖 あなたは、年が若いために人に軽んじられてはならない。むしろ、言葉にも、行状にも、愛にも、信仰にも、純潔にも、信者の模範になりなさい。
（テモテへの第一の手紙 4:12・口語訳）

聖書の人物とアイテムが、みことばと一緒にカードになりました。全100枚を毎日1枚ずつ紹介中（90日目）。
欲しい！と思ったら、コメントで「欲しい」と教えてください🙏
売上の10%は教会に献金します。

#みことばカード #聖書 #クリスチャン #トレカ #聖書の人物 #テモテ #信仰タイプ"
91,2026-12-25,64,prodigal-son,放蕩息子,人物,コモン ◆,videos/064_prodigal-son.mp4,"【No.064 放蕩息子】人物カード・コモン ◆
遠く離れていても、父は走り寄って抱きしめた。

📖 そこで立って、父のところへ出かけた。まだ遠く離れていたのに、父は彼をみとめ、哀れに思って走り寄り、その首をだいて接吻した。
（ルカによる福音書 15:20・口語訳）

聖書の人物とアイテムが、みことばと一緒にカードになりました。全100枚を毎日1枚ずつ紹介中（91日目）。
欲しい！と思ったら、コメントで「欲しい」と教えてください🙏
売上の10%は教会に献金します。

#みことばカード #聖書 #クリスチャン #トレカ #聖書の人物 #放蕩息子 #愛タイプ"
92,2026-12-26,71,priscilla,プリスキラ,人物,コモン ◆,videos/071_priscilla.mp4,"【No.071 プリスキラ】人物カード・コモン ◆
夫アクラと天幕をつくり、教会を支えた。

📖 キリスト・イエスにあるわたしの同労者プリスカとアクラとに、よろしく言ってほしい。
（ローマ人への手紙 16:3・口語訳）

聖書の人物とアイテムが、みことばと一緒にカードになりました。全100枚を毎日1枚ずつ紹介中（92日目）。
欲しい！と思ったら、コメントで「欲しい」と教えてください🙏
売上の10%は教会に献金します。

#みことばカード #聖書 #クリスチャン #トレカ #聖書の人物 #プリスキラ #平和タイプ"
93,2026-12-27,70,lydia,ルデヤ,人物,コモン ◆,videos/070_lydia.mp4,"【No.070 ルデヤ】人物カード・コモン ◆
紫布の商人。心を開かれて、家族と共に信じた。

📖 ところが、テアテラ市の紫布の商人で、神を敬うルデヤという婦人が聞いていた。主は彼女の心を開いて、パウロの語ることに耳を傾けさせた。
（使徒行伝 16:14・口語訳）

聖書の人物とアイテムが、みことばと一緒にカードになりました。全100枚を毎日1枚ずつ紹介中（93日目）。
欲しい！と思ったら、コメントで「欲しい」と教えてください🙏
売上の10%は教会に献金します。

#みことばカード #聖書 #クリスチャン #トレカ #聖書の人物 #ルデヤ #愛タイプ"
94,2026-12-28,72,simeon,シメオン,人物,コモン ◆,videos/072_simeon.mp4,"【No.072 シメオン】人物カード・コモン ◆
幼子イエスを抱き、救いを見たと賛美した老人。

📖 わたしの目が今あなたの救を見たのですから。
（ルカによる福音書 2:30・口語訳）

聖書の人物とアイテムが、みことばと一緒にカードになりました。全100枚を毎日1枚ずつ紹介中（94日目）。
欲しい！と思ったら、コメントで「欲しい」と教えてください🙏
売上の10%は教会に献金します。

#みことばカード #聖書 #クリスチャン #トレカ #聖書の人物 #シメオン #預言タイプ"
95,2026-12-29,75,shepherds,羊飼いたち,人物,コモン ◆,videos/075_shepherds.mp4,"【No.075 羊飼いたち】人物カード・コモン ◆
夜番の野で、最初に救い主の知らせを聞いた。

📖 羊飼たちは、見聞きしたことが何もかも自分たちに語られたとおりであったので、神をあがめ、またさんびしながら帰って行った。
（ルカによる福音書 2:20・口語訳）

聖書の人物とアイテムが、みことばと一緒にカードになりました。全100枚を毎日1枚ずつ紹介中（95日目）。
欲しい！と思ったら、コメントで「欲しい」と教えてください🙏
売上の10%は教会に献金します。

#みことばカード #聖書 #クリスチャン #トレカ #聖書の人物 #羊飼いたち #平和タイプ"
96,2026-12-30,73,anna,アンナ,人物,コモン ◆,videos/073_anna.mp4,"【No.073 アンナ】人物カード・コモン ◆
宮を離れず、祈りと断食で仕えた女預言者。

📖 この老女も、ちょうどそのとき近寄ってきて、神に感謝をささげ、そしてこの幼な子のことを、エルサレムの救を待ち望んでいるすべての人々に語りきかせた。
（ルカによる福音書 2:38・口語訳）

聖書の人物とアイテムが、みことばと一緒にカードになりました。全100枚を毎日1枚ずつ紹介中（96日目）。
欲しい！と思ったら、コメントで「欲しい」と教えてください🙏
売上の10%は教会に献金します。

#みことばカード #聖書 #クリスチャン #トレカ #聖書の人物 #アンナ #預言タイプ"
97,2026-12-31,88,gideons-jar,ギデオンのつぼ,アイテム,コモン ◆,videos/088_gideons-jar.mp4,"【No.088 ギデオンのつぼ】アイテムカード・コモン ◆
たいまつを隠した土のつぼ。

📖 すなわち三組の者がラッパを吹き、つぼを打ち砕き、左の手にはたいまつをとり、右の手にはラッパを持ってそれを吹き、「主のためのつるぎ、ギデオンのためのつるぎ」と叫んだ。
（士師記 7:20・口語訳）

聖書の人物とアイテムが、みことばと一緒にカードになりました。全100枚を毎日1枚ずつ紹介中（97日目）。
欲しい！と思ったら、コメントで「欲しい」と教えてください🙏
売上の10%は教会に献金します。

#みことばカード #聖書 #クリスチャン #トレカ #聖書のアイテム #ギデオンのつぼ"
98,2027-01-01,89,mustard-seed,からし種,アイテム,コモン ◆,videos/089_mustard-seed.mp4,"【No.089 からし種】アイテムカード・コモン ◆
どんな種よりも小さいのに、大きな木になる。

📖 そこで主が言われた、「もし、からし種一粒ほどの信仰があるなら、この桑の木に、『抜け出して海に植われ』と言ったとしても、その言葉どおりになるであろう」。
（ルカによる福音書 17:6・口語訳）

聖書の人物とアイテムが、みことばと一緒にカードになりました。全100枚を毎日1枚ずつ紹介中（98日目）。
欲しい！と思ったら、コメントで「欲しい」と教えてください🙏
売上の10%は教会に献金します。

#みことばカード #聖書 #クリスチャン #トレカ #聖書のアイテム #からし種"
99,2027-01-02,98,living-water,生ける水,アイテム,コモン ◆,videos/098_living-water.mp4,"【No.098 生ける水】アイテムカード・コモン ◆
その腹から、生ける水が川となって流れ出る。

📖 わたしを信じる者は、聖書に書いてあるとおり、その腹から生ける水が川となって流れ出るであろう。
（ヨハネによる福音書 7:38・口語訳）

聖書の人物とアイテムが、みことばと一緒にカードになりました。全100枚を毎日1枚ずつ紹介中（99日目）。
欲しい！と思ったら、コメントで「欲しい」と教えてください🙏
売上の10%は教会に献金します。

#みことばカード #聖書 #クリスチャン #トレカ #聖書のアイテム #生ける水"
100,2027-01-03,99,true-vine,ぶどうの木,アイテム,コモン ◆,videos/099_true-vine.mp4,"【No.099 ぶどうの木】アイテムカード・コモン ◆
つながっていれば、豊かに実を結ぶ。

📖 わたしはぶどうの木、あなたがたはその枝である。もし人がわたしにつながっており、またわたしがその人とつながっておれば、その人は実を豊かに結ぶようになる。わたしから離れては、あなたがたは何一つできないからである。
（ヨハネによる福音書 15:5・口語訳）

聖書の人物とアイテムが、みことばと一緒にカードになりました。全100枚を毎日1枚ずつ紹介中（100日目）。
欲しい！と思ったら、コメントで「欲しい」と教えてください🙏
売上の10%は教会に献金します。

#みことばカード #聖書 #クリスチャン #トレカ #聖書のアイテム #ぶどうの木"
