日付,日目,No,名前,SNS,投稿URL,再生数,いいね,保存,シェア,コメント,「欲しい」の数,フォロワー増,メモ
2026-09-26,1,1,イエス・キリスト,Instagram,,,,,,,,,
2026-09-26,1,1,イエス・キリスト,TikTok,,,,,,,,,
2026-09-27,2,12,モーセ,Instagram,,,,,,,,,
2026-09-27,2,12,モーセ,TikTok,,,,,,,,,
2026-09-28,3,66,パウロ,Instagram,,,,,,,,,
2026-09-28,3,66,パウロ,TikTok,,,,,,,,,
2026-09-29,4,6,アブラハム,Instagram,,,,,,,,,
2026-09-29,4,6,アブラハム,TikTok,,,,,,,,,
2026-09-30,5,27,ダビデ,Instagram,,,,,,,,,
2026-09-30,5,27,ダビデ,TikTok,,,,,,,,,
2026-10-01,6,45,マリヤ,Instagram,,,,,,,,,
2026-10-01,6,45,マリヤ,TikTok,,,,,,,,,
2026-10-02,7,48,ペテロ,Instagram,,,,,,,,,
2026-10-02,7,48,ペテロ,TikTok,,,,,,,,,
2026-10-03,8,95,十字架,Instagram,,,,,,,,,
2026-10-03,8,95,十字架,TikTok,,,,,,,,,
2026-10-04,9,5,ノア,Instagram,,,,,,,,,
2026-10-04,9,5,ノア,TikTok,,,,,,,,,
2026-10-05,10,11,ヨセフ,Instagram,,,,,,,,,
2026-10-05,10,11,ヨセフ,TikTok,,,,,,,,,
2026-10-06,11,19,サムソン,Instagram,,,,,,,,,
2026-10-06,11,19,サムソン,TikTok,,,,,,,,,
2026-10-07,12,30,ソロモン,Instagram,,,,,,,,,
2026-10-07,12,30,ソロモン,TikTok,,,,,,,,,
2026-10-08,13,32,エリヤ,Instagram,,,,,,,,,
2026-10-08,13,32,エリヤ,TikTok,,,,,,,,,
2026-10-09,14,38,ダニエル,Instagram,,,,,,,,,
2026-10-09,14,38,ダニエル,TikTok,,,,,,,,,
2026-10-10,15,40,エステル,Instagram,,,,,,,,,
2026-10-10,15,40,エステル,TikTok,,,,,,,,,
2026-10-11,16,47,バプテスマのヨハネ,Instagram,,,,,,,,,
2026-10-11,16,47,バプテスマのヨハネ,TikTok,,,,,,,,,
2026-10-12,17,76,天使ガブリエル,Instagram,,,,,,,,,
2026-10-12,17,76,天使ガブリエル,TikTok,,,,,,,,,
2026-10-13,18,79,十戒の石板,Instagram,,,,,,,,,
2026-10-13,18,79,十戒の石板,TikTok,,,,,,,,,
2026-10-14,19,10,ヤコブ,Instagram,,,,,,,,,
2026-10-14,19,10,ヤコブ,TikTok,,,,,,,,,
2026-10-15,20,82,契約の箱,Instagram,,,,,,,,,
2026-10-15,20,82,契約の箱,TikTok,,,,,,,,,
2026-10-16,21,15,ヨシュア,Instagram,,,,,,,,,
2026-10-16,21,15,ヨシュア,TikTok,,,,,,,,,
2026-10-17,22,90,五つのパンと二匹の魚,Instagram,,,,,,,,,
2026-10-17,22,90,五つのパンと二匹の魚,TikTok,,,,,,,,,
2026-10-18,23,17,ギデオン,Instagram,,,,,,,,,
2026-10-18,23,17,ギデオン,TikTok,,,,,,,,,
2026-10-19,24,94,茨の冠,Instagram,,,,,,,,,
2026-10-19,24,94,茨の冠,TikTok,,,,,,,,,
2026-10-20,25,25,サムエル,Instagram,,,,,,,,,
2026-10-20,25,25,サムエル,TikTok,,,,,,,,,
2026-10-21,26,97,神の武具,Instagram,,,,,,,,,
2026-10-21,26,97,神の武具,TikTok,,,,,,,,,
2026-10-22,27,29,ゴリアテ,Instagram,,,,,,,,,
2026-10-22,27,29,ゴリアテ,TikTok,,,,,,,,,
2026-10-23,28,33,エリシャ,Instagram,,,,,,,,,
2026-10-23,28,33,エリシャ,TikTok,,,,,,,,,
2026-10-24,29,39,三人の若者,Instagram,,,,,,,,,
2026-10-24,29,39,三人の若者,TikTok,,,,,,,,,
2026-10-25,30,34,ヨナ,Instagram,,,,,,,,,
2026-10-25,30,34,ヨナ,TikTok,,,,,,,,,
2026-10-26,31,42,ヨブ,Instagram,,,,,,,,,
2026-10-26,31,42,ヨブ,TikTok,,,,,,,,,
2026-10-27,32,35,イザヤ,Instagram,,,,,,,,,
2026-10-27,32,35,イザヤ,TikTok,,,,,,,,,
2026-10-28,33,51,使徒ヨハネ,Instagram,,,,,,,,,
2026-10-28,33,51,使徒ヨハネ,TikTok,,,,,,,,,
2026-10-29,34,68,ステパノ,Instagram,,,,,,,,,
2026-10-29,34,68,ステパノ,TikTok,,,,,,,,,
2026-10-30,35,56,マグダラのマリヤ,Instagram,,,,,,,,,
2026-10-30,35,56,マグダラのマリヤ,TikTok,,,,,,,,,
2026-10-31,36,74,東の博士,Instagram,,,,,,,,,
2026-10-31,36,74,東の博士,TikTok,,,,,,,,,
2026-11-01,37,77,ノアの箱舟,Instagram,,,,,,,,,
2026-11-01,37,77,ノアの箱舟,TikTok,,,,,,,,,
2026-11-02,38,7,サラ,Instagram,,,,,,,,,
2026-11-02,38,7,サラ,TikTok,,,,,,,,,
2026-11-03,39,80,モーセの杖,Instagram,,,,,,,,,
2026-11-03,39,80,モーセの杖,TikTok,,,,,,,,,
2026-11-04,40,8,イサク,Instagram,,,,,,,,,
2026-11-04,40,8,イサク,TikTok,,,,,,,,,
2026-11-05,41,84,ダビデの石投げ,Instagram,,,,,,,,,
2026-11-05,41,84,ダビデの石投げ,TikTok,,,,,,,,,
2026-11-06,42,13,アロン,Instagram,,,,,,,,,
2026-11-06,42,13,アロン,TikTok,,,,,,,,,
2026-11-07,43,87,燃える柴,Instagram,,,,,,,,,
2026-11-07,43,87,燃える柴,TikTok,,,,,,,,,
2026-11-08,44,16,ラハブ,Instagram,,,,,,,,,
2026-11-08,44,16,ラハブ,TikTok,,,,,,,,,
2026-11-09,45,93,最後の晩餐の杯,Instagram,,,,,,,,,
2026-11-09,45,93,最後の晩餐の杯,TikTok,,,,,,,,,
2026-11-10,46,18,デボラ,Instagram,,,,,,,,,
2026-11-10,46,18,デボラ,TikTok,,,,,,,,,
2026-11-11,47,96,空の墓の石,Instagram,,,,,,,,,
2026-11-11,47,96,空の墓の石,TikTok,,,,,,,,,
2026-11-12,48,20,ルツ,Instagram,,,,,,,,,
2026-11-12,48,20,ルツ,TikTok,,,,,,,,,
2026-11-13,49,26,サウル,Instagram,,,,,,,,,
2026-11-13,49,26,サウル,TikTok,,,,,,,,,
2026-11-14,50,28,ヨナタン,Instagram,,,,,,,,,
2026-11-14,50,28,ヨナタン,TikTok,,,,,,,,,
2026-11-15,51,31,シバの女王,Instagram,,,,,,,,,
2026-11-15,51,31,シバの女王,TikTok,,,,,,,,,
2026-11-16,52,36,エレミヤ,Instagram,,,,,,,,,
2026-11-16,52,36,エレミヤ,TikTok,,,,,,,,,
2026-11-17,53,46,大工ヨセフ,Instagram,,,,,,,,,
2026-11-17,53,46,大工ヨセフ,TikTok,,,,,,,,,
2026-11-18,54,37,エゼキエル,Instagram,,,,,,,,,
2026-11-18,54,37,エゼキエル,TikTok,,,,,,,,,
2026-11-19,55,52,マタイ,Instagram,,,,,,,,,
2026-11-19,55,52,マタイ,TikTok,,,,,,,,,
2026-11-20,56,59,ラザロ,Instagram,,,,,,,,,
2026-11-20,56,59,ラザロ,TikTok,,,,,,,,,
2026-11-21,57,53,トマス,Instagram,,,,,,,,,
2026-11-21,57,53,トマス,TikTok,,,,,,,,,
2026-11-22,58,60,ザアカイ,Instagram,,,,,,,,,
2026-11-22,58,60,ザアカイ,TikTok,,,,,,,,,
2026-11-23,59,63,百卒長,Instagram,,,,,,,,,
2026-11-23,59,63,百卒長,TikTok,,,,,,,,,
2026-11-24,60,65,良きサマリヤ人,Instagram,,,,,,,,,
2026-11-24,60,65,良きサマリヤ人,TikTok,,,,,,,,,
2026-11-25,61,67,バルナバ,Instagram,,,,,,,,,
2026-11-25,61,67,バルナバ,TikTok,,,,,,,,,
2026-11-26,62,78,契約の虹,Instagram,,,,,,,,,
2026-11-26,62,78,契約の虹,TikTok,,,,,,,,,
2026-11-27,63,81,マナ,Instagram,,,,,,,,,
2026-11-27,63,81,マナ,TikTok,,,,,,,,,
2026-11-28,64,83,エリコのラッパ,Instagram,,,,,,,,,
2026-11-28,64,83,エリコのラッパ,TikTok,,,,,,,,,
2026-11-29,65,2,アダム,Instagram,,,,,,,,,
2026-11-29,65,2,アダム,TikTok,,,,,,,,,
2026-11-30,66,85,天のはしご,Instagram,,,,,,,,,
2026-11-30,66,85,天のはしご,TikTok,,,,,,,,,
2026-12-01,67,3,エバ,Instagram,,,,,,,,,
2026-12-01,67,3,エバ,TikTok,,,,,,,,,
2026-12-02,68,86,ヨセフの晴れ着,Instagram,,,,,,,,,
2026-12-02,68,86,ヨセフの晴れ着,TikTok,,,,,,,,,
2026-12-03,69,4,アベル,Instagram,,,,,,,,,
2026-12-03,69,4,アベル,TikTok,,,,,,,,,
2026-12-04,70,91,カナのぶどう酒,Instagram,,,,,,,,,
2026-12-04,70,91,カナのぶどう酒,TikTok,,,,,,,,,
2026-12-05,71,9,リベカ,Instagram,,,,,,,,,
2026-12-05,71,9,リベカ,TikTok,,,,,,,,,
2026-12-06,72,92,ナルドの香油,Instagram,,,,,,,,,
2026-12-06,72,92,ナルドの香油,TikTok,,,,,,,,,
2026-12-07,73,14,ミリアム,Instagram,,,,,,,,,
2026-12-07,73,14,ミリアム,TikTok,,,,,,,,,
2026-12-08,74,100,天国のかぎ,Instagram,,,,,,,,,
2026-12-08,74,100,天国のかぎ,TikTok,,,,,,,,,
2026-12-09,75,21,ナオミ,Instagram,,,,,,,,,
2026-12-09,75,21,ナオミ,TikTok,,,,,,,,,
2026-12-10,76,23,カレブ,Instagram,,,,,,,,,
2026-12-10,76,23,カレブ,TikTok,,,,,,,,,
2026-12-11,77,22,ボアズ,Instagram,,,,,,,,,
2026-12-11,77,22,ボアズ,TikTok,,,,,,,,,
2026-12-12,78,24,ハンナ,Instagram,,,,,,,,,
2026-12-12,78,24,ハンナ,TikTok,,,,,,,,,
2026-12-13,79,41,モルデカイ,Instagram,,,,,,,,,
2026-12-13,79,41,モルデカイ,TikTok,,,,,,,,,
2026-12-14,80,43,ネヘミヤ,Instagram,,,,,,,,,
2026-12-14,80,43,ネヘミヤ,TikTok,,,,,,,,,
2026-12-15,81,44,エズラ,Instagram,,,,,,,,,
2026-12-15,81,44,エズラ,TikTok,,,,,,,,,
2026-12-16,82,49,アンデレ,Instagram,,,,,,,,,
2026-12-16,82,49,アンデレ,TikTok,,,,,,,,,
2026-12-17,83,50,使徒ヤコブ,Instagram,,,,,,,,,
2026-12-17,83,50,使徒ヤコブ,TikTok,,,,,,,,,
2026-12-18,84,54,ピリポ,Instagram,,,,,,,,,
2026-12-18,84,54,ピリポ,TikTok,,,,,,,,,
2026-12-19,85,55,ナタナエル,Instagram,,,,,,,,,
2026-12-19,85,55,ナタナエル,TikTok,,,,,,,,,
2026-12-20,86,58,ベタニヤのマリヤ,Instagram,,,,,,,,,
2026-12-20,86,58,ベタニヤのマリヤ,TikTok,,,,,,,,,
2026-12-21,87,57,マルタ,Instagram,,,,,,,,,
2026-12-21,87,57,マルタ,TikTok,,,,,,,,,
2026-12-22,88,61,ニコデモ,Instagram,,,,,,,,,
2026-12-22,88,61,ニコデモ,TikTok,,,,,,,,,
2026-12-23,89,62,サマリヤの女,Instagram,,,,,,,,,
2026-12-23,89,62,サマリヤの女,TikTok,,,,,,,,,
2026-12-24,90,69,テモテ,Instagram,,,,,,,,,
2026-12-24,90,69,テモテ,TikTok,,,,,,,,,
2026-12-25,91,64,放蕩息子,Instagram,,,,,,,,,
2026-12-25,91,64,放蕩息子,TikTok,,,,,,,,,
2026-12-26,92,71,プリスキラ,Instagram,,,,,,,,,
2026-12-26,92,71,プリスキラ,TikTok,,,,,,,,,
2026-12-27,93,70,ルデヤ,Instagram,,,,,,,,,
2026-12-27,93,70,ルデヤ,TikTok,,,,,,,,,
2026-12-28,94,72,シメオン,Instagram,,,,,,,,,
2026-12-28,94,72,シメオン,TikTok,,,,,,,,,
2026-12-29,95,75,羊飼いたち,Instagram,,,,,,,,,
2026-12-29,95,75,羊飼いたち,TikTok,,,,,,,,,
2026-12-30,96,73,アンナ,Instagram,,,,,,,,,
2026-12-30,96,73,アンナ,TikTok,,,,,,,,,
2026-12-31,97,88,ギデオンのつぼ,Instagram,,,,,,,,,
2026-12-31,97,88,ギデオンのつぼ,TikTok,,,,,,,,,
2027-01-01,98,89,からし種,Instagram,,,,,,,,,
2027-01-01,98,89,からし種,TikTok,,,,,,,,,
2027-01-02,99,98,生ける水,Instagram,,,,,,,,,
2027-01-02,99,98,生ける水,TikTok,,,,,,,,,
2027-01-03,100,99,ぶどうの木,Instagram,,,,,,,,,
2027-01-03,100,99,ぶどうの木,TikTok,,,,,,,,,
